"TABLE_NAME","COLUMN_ID","COLUMN_NAME","TIPO","NULLABLE"
"AJUSTES_STOCK",1,"ID_AJUSTE","NUMBER","N"
"AJUSTES_STOCK",2,"ID_PRODUCTO","NUMBER","N"
"AJUSTES_STOCK",3,"ID_OFICINA","NUMBER","N"
"AJUSTES_STOCK",4,"TIPO_AJUSTE","VARCHAR2(20)","Y"
"AJUSTES_STOCK",5,"CANTIDAD","NUMBER","N"
"AJUSTES_STOCK",6,"FECHA","DATE","Y"
"AJUSTES_STOCK",7,"OBSERVACION","VARCHAR2(255)","N"
"AJUSTES_STOCK",8,"TIPO_MOVIMIENTO","VARCHAR2(20)","Y"
"AJUSTES_STOCK",9,"USUARIO","VARCHAR2(100)","Y"
"AJUSTES_STOCK",10,"HORA","VARCHAR2(10)","Y"
"APP_CONFIG",1,"CLAVE","VARCHAR2(100)","N"
"APP_CONFIG",2,"VALOR","VARCHAR2(4000)","Y"
"APP_CONFIG",3,"DESCRIPCION","VARCHAR2(500)","Y"
"AUDITORIA_PRODUCTO_PROVEEDOR",1,"ID_AUDITORIA","NUMBER","N"
"AUDITORIA_PRODUCTO_PROVEEDOR",2,"ID_PRODUCTO","NUMBER","N"
"AUDITORIA_PRODUCTO_PROVEEDOR",3,"ID_PERSONA","NUMBER","N"
"AUDITORIA_PRODUCTO_PROVEEDOR",4,"FECHA_INICIO","DATE","Y"
"AUDITORIA_PRODUCTO_PROVEEDOR",5,"PRECIO_ANTERIOR","NUMBER","Y"
"AUDITORIA_PRODUCTO_PROVEEDOR",6,"PRECIO_NUEVO","NUMBER","Y"
"AUDITORIA_PRODUCTO_PROVEEDOR",7,"ESTADO_ANTERIOR","VARCHAR2(20)","Y"
"AUDITORIA_PRODUCTO_PROVEEDOR",8,"ESTADO_NUEVO","VARCHAR2(20)","Y"
"AUDITORIA_PRODUCTO_PROVEEDOR",9,"TIPO_OPERACION","VARCHAR2(20)","Y"
"AUDITORIA_PRODUCTO_PROVEEDOR",10,"FECHA_CAMBIO","DATE","Y"
"AUDITORIA_PRODUCTO_PROVEEDOR",11,"USUARIO_CAMBIO","VARCHAR2(100)","Y"
"CAJA_CONF",1,"ID_CAJA_CONF","NUMBER","N"
"CAJA_CONF",2,"DESCRIPCION","VARCHAR2(50)","N"
"CAJA_CONF",3,"ESTADO","CHAR(1)","Y"
"CAJA_CONF",4,"ID_OFICINA","NUMBER","Y"
"CAJA_CONF",5,"PUNTO_EXPEDICION","VARCHAR2(3)","Y"
"CAJA_MONEDAS",1,"ID_CAJA","NUMBER","N"
"CAJA_MONEDAS",2,"MONEDA","VARCHAR2(10)","N"
"CAJA_MONEDAS",3,"MONTO_APERTURA","NUMBER(12,2)","Y"
"CAJA_MONEDAS",4,"MONTO_CIERRE","NUMBER(12,2)","Y"
"CAJA_MONEDAS",5,"MONTO_DECLARADO","NUMBER","Y"
"CAJA_MONEDAS",6,"MONTO_DIFERENCIA","NUMBER","Y"
"CAJA_MONEDAS",7,"MONTO_CIERRE_PREV","NUMBER","Y"
"CAJAS",1,"ID_CAJA","NUMBER","N"
"CAJAS",2,"ID_EMPLEADO","NUMBER","N"
"CAJAS",3,"ESTADO","CHAR(1)","Y"
"CAJAS",4,"FEC_APERTURA","TIMESTAMP","Y"
"CAJAS",5,"FEC_CIERRE","TIMESTAMP","Y"
"CAJAS",6,"USU_APERTURA","VARCHAR2(35)","Y"
"CAJAS",7,"USU_CIERRE","VARCHAR2(35)","Y"
"CAJAS",8,"ID_CAJA_CONF","NUMBER","Y"
"CAJAS",9,"ID_OFICINA","NUMBER","Y"
"CAJAS",10,"OBSERVACION","VARCHAR2(255)","Y"
"CARGA_MASIVA_PP",1,"ID_CARGA","NUMBER","N"
"CARGA_MASIVA_PP",2,"FECHA_CARGA","DATE","Y"
"CARGA_MASIVA_PP",3,"USUARIO_CARGA","VARCHAR2(100)","Y"
"CARGA_MASIVA_PP",4,"NOMBRE_ARCHIVO","VARCHAR2(255)","Y"
"CARGA_MASIVA_PP",5,"REGISTROS_TOTALES","NUMBER","Y"
"CARGA_MASIVA_PP",6,"REGISTROS_EXITOSOS","NUMBER","Y"
"CARGA_MASIVA_PP",7,"REGISTROS_ERROR","NUMBER","Y"
"CARGA_MASIVA_PP",8,"ESTADO_CARGA","VARCHAR2(20)","Y"
"CARGA_MASIVA_PP",9,"FECHA_FINALIZACION","DATE","Y"
"CATEGORIAS_PRODUCTOS",1,"ID_CATEGORIA","NUMBER","N"
"CATEGORIAS_PRODUCTOS",2,"NOMBRE","VARCHAR2(100)","N"
"CATEGORIAS_PRODUCTOS",3,"DESCRIPCION","VARCHAR2(255)","Y"
"CIUDADES",1,"CODIGO_CIUDAD","NUMBER","N"
"CIUDADES",2,"DESCRIPCION","VARCHAR2(255)","N"
"CIUDADES",3,"CODIGO_DEPARTAMENTO","NUMBER","Y"
"CLIENTES",1,"ID_PERSONA","NUMBER","N"
"CLIENTES",2,"CODIGO_USUARIO","VARCHAR2(1000)","Y"
"CLIENTES",3,"ESTADO","VARCHAR2(50)","Y"
"CLIENTES",4,"FECHA_REGISTRO","DATE","N"
"CLIENTES",5,"CATEGORIA_CLIENTE","VARCHAR2(50)","Y"
"COMPROBANTES",1,"ID_COMPROBANTE","NUMBER","N"
"COMPROBANTES",2,"ID_CLIENTE","NUMBER","N"
"COMPROBANTES",3,"ID_OFICINA","NUMBER","N"
"COMPROBANTES",4,"ID_ORDEN_VENTA","NUMBER","Y"
"COMPROBANTES",5,"TIPO_COMPROBANTE","CHAR(2)","N"
"COMPROBANTES",6,"ID_FAC_ORIGEN","VARCHAR2(100)","Y"
"COMPROBANTES",7,"FECHA","DATE","Y"
"COMPROBANTES",8,"TOTAL_MONEDA_LOCAL","NUMBER(12,2)","N"
"COMPROBANTES",9,"MONEDA","VARCHAR2(10)","Y"
"COMPROBANTES",10,"TIPO_CAMBIO","NUMBER(12,6)","Y"
"COMPROBANTES",11,"TOTAL_MONEDA_ORIGEN","NUMBER(12,2)","Y"
"COMPROBANTES",12,"FORMA_PAGO","VARCHAR2(20)","Y"
"COMPROBANTES",13,"ESTADO","CHAR(1)","Y"
"COMPROBANTES",14,"OBSERVACION","VARCHAR2(255)","Y"
"COMPROBANTES",15,"ID_TALONARIO","NUMBER","Y"
"COMPROBANTES",16,"NRO_COMPROBANTE","VARCHAR2(20)","Y"
"COMPROBANTES",17,"ID_PLAN_CUOTA","NUMBER","Y"
"COMPROBANTES",18,"TOTAL_EXENTA","NUMBER(12,2)","Y"
"COMPROBANTES",19,"TOTAL_GRAVADA_5","NUMBER(12,2)","Y"
"COMPROBANTES",20,"TOTAL_GRAVADA_10","NUMBER(12,2)","Y"
"COMPROBANTES",21,"TOTAL_IVA_5","NUMBER(12,2)","Y"
"COMPROBANTES",22,"TOTAL_IVA_10","NUMBER(12,2)","Y"
"COMPROBANTES",23,"TOTAL_IVA","NUMBER(12,2)","Y"
"COMPROBANTES",24,"ID_METODO_PAGO","NUMBER","Y"
"COMPROBANTES",25,"MOTIVO_ANULACION","VARCHAR2(500)","Y"
"COMPROBANTES",26,"USUARIO_SOLICITA","VARCHAR2(60)","Y"
"COMPROBANTES",27,"FECHA_SOLICITUD","DATE","Y"
"COMPROBANTES",28,"USUARIO_APRUEBA","VARCHAR2(60)","Y"
"COMPROBANTES",29,"FECHA_RESOLUCION","DATE","Y"
"COMPROBANTES",30,"MOTIVO_RECHAZO","VARCHAR2(500)","Y"
"COMPROBANTES",31,"FECHA_HORA_EMISION","TIMESTAMP","Y"
"COMPROBANTES",32,"COD_MOTIVO","NUMBER(2)","Y"
"COMPROBANTES",33,"ID_COMPROBANTE_ORIGEN","NUMBER","Y"
"COMPROBANTES",34,"INTERES_FINANCIACION","NUMBER","Y"
"COMPROBANTES_PROVEEDOR",1,"ID_COMPROBANTE","NUMBER","N"
"COMPROBANTES_PROVEEDOR",2,"TIPO_COMPROBANTE","CHAR(2)","N"
"COMPROBANTES_PROVEEDOR",3,"ID_PROVEEDOR","NUMBER","N"
"COMPROBANTES_PROVEEDOR",4,"FECHA_EMISION","DATE","Y"
"COMPROBANTES_PROVEEDOR",5,"NRO_COMPROBANTE","VARCHAR2(50)","Y"
"COMPROBANTES_PROVEEDOR",6,"NRO_TIMBRADO","VARCHAR2(20)","Y"
"COMPROBANTES_PROVEEDOR",7,"FECHA_INICIO_TIMBRADO","DATE","Y"
"COMPROBANTES_PROVEEDOR",8,"FECHA_FIN_TIMBRADO","DATE","Y"
"COMPROBANTES_PROVEEDOR",9,"MONEDA","VARCHAR2(10)","Y"
"COMPROBANTES_PROVEEDOR",10,"TIPO_CAMBIO","NUMBER(12,4)","Y"
"COMPROBANTES_PROVEEDOR",11,"TOTAL_COMPROBANTE","NUMBER(12,2)","Y"
"COMPROBANTES_PROVEEDOR",12,"ID_OFICINA","NUMBER","Y"
"COMPROBANTES_PROVEEDOR",13,"ID_ORDEN_COMPRA","NUMBER","Y"
"COMPROBANTES_PROVEEDOR",14,"ID_FAC_ORIGEN","NUMBER","Y"
"COMPROBANTES_PROVEEDOR",15,"OBSERVACION","VARCHAR2(255)","Y"
"COMPROBANTES_PROVEEDOR",16,"ESTADO","VARCHAR2(30)","N"
"COMPROBANTES_PROVEEDOR",17,"FORMA_PAGO","VARCHAR2(2)","Y"
"COMPROBANTES_PROVEEDOR",18,"COD_MOTIVO","NUMBER(2)","Y"
"CUENTAS_COBRAR",1,"ID_CXC","NUMBER","N"
"CUENTAS_COBRAR",2,"ID_PERSONA","NUMBER","N"
"CUENTAS_COBRAR",3,"ID_COMPROBANTE","NUMBER","N"
"CUENTAS_COBRAR",4,"TOTAL_A_PAGAR","NUMBER(12,2)","Y"
"CUENTAS_COBRAR",5,"SALDO","NUMBER(12,2)","Y"
"CUENTAS_COBRAR",6,"FECHA_REGISTRO","DATE","Y"
"CUENTAS_COBRAR",7,"ESTADO","VARCHAR2(20)","Y"
"CUENTAS_COBRAR_DET",1,"ID_DETALLE","NUMBER","N"
"CUENTAS_COBRAR_DET",2,"ID_CXC","NUMBER","N"
"CUENTAS_COBRAR_DET",3,"NRO_CUOTA","NUMBER","N"
"CUENTAS_COBRAR_DET",4,"FECHA_VENCIMIENTO","DATE","N"
"CUENTAS_COBRAR_DET",5,"MONTO_CUOTA","NUMBER(12,2)","N"
"CUENTAS_COBRAR_DET",6,"ESTADO","VARCHAR2(20)","Y"
"CUENTAS_PAGAR",1,"ID_CXP","NUMBER","N"
"CUENTAS_PAGAR",2,"ID_PROVEEDOR","NUMBER","N"
"CUENTAS_PAGAR",3,"ID_COMPROBANTE","NUMBER","N"
"CUENTAS_PAGAR",4,"TOTAL_A_PAGAR","NUMBER(12,2)","Y"
"CUENTAS_PAGAR",5,"SALDO","NUMBER(12,2)","Y"
"CUENTAS_PAGAR",6,"FECHA_REGISTRO","DATE","Y"
"CUENTAS_PAGAR",7,"ESTADO","VARCHAR2(20)","Y"
"CUENTAS_PAGAR",8,"FECHA_VENCIMIENTO","DATE","Y"
"DBTOOLS$MCP_LOG",1,"ID","NUMBER","N"
"DBTOOLS$MCP_LOG",2,"MCP_CLIENT","VARCHAR2(200)","N"
"DBTOOLS$MCP_LOG",3,"MODEL","VARCHAR2(200)","Y"
"DBTOOLS$MCP_LOG",4,"END_POINT_TYPE","VARCHAR2(12)","Y"
"DBTOOLS$MCP_LOG",5,"END_POINT_NAME","VARCHAR2(100)","N"
"DBTOOLS$MCP_LOG",6,"LOG_MESSAGE","CLOB","Y"
"DBTOOLS$MCP_LOG",7,"CREATED_ON","TIMESTAMP","N"
"DBTOOLS$MCP_LOG",8,"CREATED_BY","VARCHAR2(100)","N"
"DBTOOLS$MCP_LOG",9,"UPDATED_ON","TIMESTAMP","Y"
"DBTOOLS$MCP_LOG",10,"UPDATED_BY","VARCHAR2(100)","Y"
"DEPARTAMENTOS",1,"CODIGO_DEPARTAMENTO","NUMBER","N"
"DEPARTAMENTOS",2,"DESCRIPCION","VARCHAR2(255)","N"
"DETALLE_CARGA_MASIVA_PP",1,"ID_DETALLE","NUMBER","N"
"DETALLE_CARGA_MASIVA_PP",2,"ID_CARGA","NUMBER","N"
"DETALLE_CARGA_MASIVA_PP",3,"FILA_NUMERO","NUMBER","Y"
"DETALLE_CARGA_MASIVA_PP",4,"ID_PRODUCTO","NUMBER","Y"
"DETALLE_CARGA_MASIVA_PP",5,"ID_PERSONA","NUMBER","Y"
"DETALLE_CARGA_MASIVA_PP",6,"CODIGO_REFERENCIA","VARCHAR2(100)","Y"
"DETALLE_CARGA_MASIVA_PP",7,"PRECIO","NUMBER","Y"
"DETALLE_CARGA_MASIVA_PP",8,"FECHA_INICIO","DATE","Y"
"DETALLE_CARGA_MASIVA_PP",9,"FECHA_FIN","DATE","Y"
"DETALLE_CARGA_MASIVA_PP",10,"ESTADO","VARCHAR2(20)","Y"
"DETALLE_CARGA_MASIVA_PP",11,"ESTADO_PROCESAMIENTO","VARCHAR2(20)","Y"
"DETALLE_CARGA_MASIVA_PP",12,"MENSAJE_ERROR","VARCHAR2(500)","Y"
"DETALLE_COMPROBANTE",1,"ID_DETALLE","NUMBER","N"
"DETALLE_COMPROBANTE",2,"ID_COMPROBANTE","NUMBER","N"
"DETALLE_COMPROBANTE",3,"ID_PRODUCTO","NUMBER","N"
"DETALLE_COMPROBANTE",4,"CANTIDAD","NUMBER","N"
"DETALLE_COMPROBANTE",5,"PRECIO_UNITARIO","NUMBER(12,2)","Y"
"DETALLE_COMPROBANTE",6,"TOTAL_LINEA","NUMBER(12,2)","Y"
"DETALLE_COMPROBANTE",7,"ID_TIPO_IVA","NUMBER","Y"
"DETALLE_COMPROBANTE",8,"MONTO_IVA","NUMBER(12,2)","Y"
"DETALLE_COMPROBANTE",9,"PORCENTAJE_IVA","NUMBER(5,2)","Y"
"DETALLE_COMPROBANTE_PROV",1,"ID_DETALLE","NUMBER","N"
"DETALLE_COMPROBANTE_PROV",2,"ID_COMPROBANTE","NUMBER","N"
"DETALLE_COMPROBANTE_PROV",3,"ID_PRODUCTO","NUMBER","N"
"DETALLE_COMPROBANTE_PROV",4,"CANTIDAD","NUMBER(12,2)","Y"
"DETALLE_COMPROBANTE_PROV",5,"PRECIO_UNITARIO","NUMBER(12,2)","Y"
"DETALLE_COMPROBANTE_PROV",6,"TOTAL","NUMBER","Y"
"DETALLE_COMPROBANTE_PROV",7,"ID_DETALLE_ORIGEN","NUMBER","Y"
"DETALLE_MOVIMIENTO_CAJA",1,"ID_DETALLE","NUMBER","N"
"DETALLE_MOVIMIENTO_CAJA",2,"ID_MOVIMIENTO","NUMBER","N"
"DETALLE_MOVIMIENTO_CAJA",3,"ID_FORMA_PAGO","NUMBER","N"
"DETALLE_MOVIMIENTO_CAJA",4,"MONTO_LOCAL","NUMBER(12,2)","N"
"DETALLE_MOVIMIENTO_CAJA",5,"MONTO_ORIGEN","NUMBER(12,2)","Y"
"DETALLE_MOVIMIENTO_CAJA",6,"MONEDA","VARCHAR2(10)","Y"
"DETALLE_MOVIMIENTO_CAJA",7,"TIPO_CAMBIO","NUMBER(12,6)","Y"
"DETALLE_MOVIMIENTO_CAJA",8,"NRO_REFERENCIA","VARCHAR2(50)","Y"
"DETALLE_MOVIMIENTO_CAJA",9,"NRO_TARJETA","VARCHAR2(50)","Y"
"DETALLE_MOVIMIENTO_CAJA",10,"ID_METODO_PAGO","NUMBER","Y"
"DETALLE_ORDEN",1,"ID_DETALLE","NUMBER","N"
"DETALLE_ORDEN",2,"ID_ORDEN","NUMBER","N"
"DETALLE_ORDEN",3,"ID_PRODUCTO","NUMBER","N"
"DETALLE_ORDEN",4,"CANTIDAD","NUMBER","N"
"DETALLE_ORDEN",5,"PRECIO_UNITARIO","NUMBER(12,2)","Y"
"DETALLE_ORDEN",6,"TOTAL","NUMBER(12,2)","Y"
"DETALLE_ORDEN_COMPRA",1,"ID_DETALLE_OC","NUMBER","N"
"DETALLE_ORDEN_COMPRA",2,"ID_ORDEN_COMPRA","NUMBER","N"
"DETALLE_ORDEN_COMPRA",3,"ID_PRODUCTO","NUMBER","N"
"DETALLE_ORDEN_COMPRA",4,"CANTIDAD","NUMBER(12,2)","N"
"DETALLE_ORDEN_COMPRA",5,"PRECIO_UNITARIO","NUMBER(12,2)","Y"
"DETALLE_ORDEN_COMPRA",6,"TOTAL_DETALLE","NUMBER(14,2)","Y"
"DETALLE_RECEPCION_COMPRA",1,"ID_DETALLE_REC","NUMBER","N"
"DETALLE_RECEPCION_COMPRA",2,"ID_RECEPCION","NUMBER","N"
"DETALLE_RECEPCION_COMPRA",3,"ID_DETALLE_OC","NUMBER","N"
"DETALLE_RECEPCION_COMPRA",4,"ID_PRODUCTO","NUMBER","N"
"DETALLE_RECEPCION_COMPRA",5,"CANTIDAD_RECIBIDA","NUMBER(12,2)","N"
"DIRECCIONES",1,"ID_PERSONA","NUMBER","Y"
"DIRECCIONES",2,"DESCRIPCION","VARCHAR2(255)","Y"
"DIRECCIONES",3,"CALLE_PRINCIPAL","VARCHAR2(255)","Y"
"DIRECCIONES",4,"CALLE_SECUNDARIA","VARCHAR2(255)","Y"
"DIRECCIONES",5,"ID_PAIS","NUMBER","Y"
"DIRECCIONES",6,"CODIGO_CIUDAD","NUMBER","Y"
"DIRECCIONES",7,"CODIGO_DEPARTAMENTO","NUMBER","Y"
"DIRECCIONES",8,"NRO_CASA","VARCHAR2(50)","Y"
"DIRECCIONES",9,"CODIGO_POSTAL","VARCHAR2(50)","Y"
"DIRECCIONES",10,"ID_DIRECCION","NUMBER","N"
"DIRECCIONES",11,"TIPO","VARCHAR2(50)","Y"
"DOCUMENTOS",1,"ID_DOCUMENTO","NUMBER","N"
"DOCUMENTOS",2,"DESCRIPCION","VARCHAR2(255)","N"
"DOCUMENTOS",3,"TIPO_DOCUMENTO","VARCHAR2(255)","Y"
"EMPLEADOS",1,"ID_EMPLEADO","NUMBER(38)","N"
"EMPLEADOS",2,"ID_PERSONA","NUMBER","Y"
"EMPLEADOS",3,"NOMBRE","VARCHAR2(255)","Y"
"EMPLEADOS",4,"FECHA_ALTA","DATE","Y"
"EMPLEADOS",5,"CARGO","VARCHAR2(255)","Y"
"EMPLEADOS",6,"CONTRASEÑA","VARCHAR2(2000)","Y"
"EMPLEADOS",7,"CODIGO_USUARIO","VARCHAR2(1000)","Y"
"EMPLEADOS",8,"CODIGO_VERIFICACION","VARCHAR2(255)","Y"
"EMPLEADOS",9,"CORREO","VARCHAR2(1000)","Y"
"EMPLEADOS",10,"SALT_CONTRASENA","VARCHAR2(32)","Y"
"EMPLEADOS",11,"CONTRASENA_TEMP","VARCHAR2(1)","N"
"EMPLEADOS",12,"TOKEN_RESET","VARCHAR2(64)","Y"
"EMPLEADOS",13,"TOKEN_EXPIRACION","TIMESTAMP","Y"
"EMPLEADOS",14,"ACTIVO","VARCHAR2(1)","N"
"EMPLEADOS",15,"INTENTOS_FALLIDOS","NUMBER(3)","N"
"EMPLEADOS_ROLES",1,"ID_EMPLEADO_ROL","NUMBER","N"
"EMPLEADOS_ROLES",2,"ID_EMPLEADO","NUMBER","N"
"EMPLEADOS_ROLES",3,"ID_ROL","NUMBER","N"
"EMPLEADOS_ROLES",4,"FECHA_ASIGNACION","DATE","N"
"FORMAS_PAGO",1,"ID_FORMA_PAGO","NUMBER","N"
"FORMAS_PAGO",2,"DESCRIPCION","VARCHAR2(50)","N"
"FORMAS_PAGO",3,"REQUIERE_REFERENCIA","CHAR(1)","Y"
"FORMAS_PAGO",4,"ACTIVO","CHAR(1)","Y"
"HTMLDB_PLAN_TABLE",1,"STATEMENT_ID","VARCHAR2(30)","Y"
"HTMLDB_PLAN_TABLE",2,"PLAN_ID","NUMBER","Y"
"HTMLDB_PLAN_TABLE",3,"TIMESTAMP","DATE","Y"
"HTMLDB_PLAN_TABLE",4,"REMARKS","VARCHAR2(4000)","Y"
"HTMLDB_PLAN_TABLE",5,"OPERATION","VARCHAR2(30)","Y"
"HTMLDB_PLAN_TABLE",6,"OPTIONS","VARCHAR2(255)","Y"
"HTMLDB_PLAN_TABLE",7,"OBJECT_NODE","VARCHAR2(128)","Y"
"HTMLDB_PLAN_TABLE",8,"OBJECT_OWNER","VARCHAR2(128)","Y"
"HTMLDB_PLAN_TABLE",9,"OBJECT_NAME","VARCHAR2(128)","Y"
"HTMLDB_PLAN_TABLE",10,"OBJECT_ALIAS","VARCHAR2(261)","Y"
"HTMLDB_PLAN_TABLE",11,"OBJECT_INSTANCE","NUMBER","Y"
"HTMLDB_PLAN_TABLE",12,"OBJECT_TYPE","VARCHAR2(128)","Y"
"HTMLDB_PLAN_TABLE",13,"OPTIMIZER","VARCHAR2(255)","Y"
"HTMLDB_PLAN_TABLE",14,"SEARCH_COLUMNS","NUMBER","Y"
"HTMLDB_PLAN_TABLE",15,"ID","NUMBER","Y"
"HTMLDB_PLAN_TABLE",16,"PARENT_ID","NUMBER","Y"
"HTMLDB_PLAN_TABLE",17,"DEPTH","NUMBER","Y"
"HTMLDB_PLAN_TABLE",18,"POSITION","NUMBER","Y"
"HTMLDB_PLAN_TABLE",19,"COST","NUMBER","Y"
"HTMLDB_PLAN_TABLE",20,"CARDINALITY","NUMBER","Y"
"HTMLDB_PLAN_TABLE",21,"BYTES","NUMBER","Y"
"HTMLDB_PLAN_TABLE",22,"OTHER_TAG","VARCHAR2(255)","Y"
"HTMLDB_PLAN_TABLE",23,"PARTITION_START","VARCHAR2(255)","Y"
"HTMLDB_PLAN_TABLE",24,"PARTITION_STOP","VARCHAR2(255)","Y"
"HTMLDB_PLAN_TABLE",25,"PARTITION_ID","NUMBER","Y"
"HTMLDB_PLAN_TABLE",26,"OTHER","LONG","Y"
"HTMLDB_PLAN_TABLE",27,"DISTRIBUTION","VARCHAR2(30)","Y"
"HTMLDB_PLAN_TABLE",28,"CPU_COST","NUMBER","Y"
"HTMLDB_PLAN_TABLE",29,"IO_COST","NUMBER","Y"
"HTMLDB_PLAN_TABLE",30,"TEMP_SPACE","NUMBER","Y"
"HTMLDB_PLAN_TABLE",31,"ACCESS_PREDICATES","VARCHAR2(4000)","Y"
"HTMLDB_PLAN_TABLE",32,"FILTER_PREDICATES","VARCHAR2(4000)","Y"
"HTMLDB_PLAN_TABLE",33,"PROJECTION","VARCHAR2(4000)","Y"
"HTMLDB_PLAN_TABLE",34,"TIME","NUMBER","Y"
"HTMLDB_PLAN_TABLE",35,"QBLOCK_NAME","VARCHAR2(128)","Y"
"INVENTARIO",1,"ID_INVENTARIO","NUMBER","N"
"INVENTARIO",2,"NRO_DOCUMENTO","VARCHAR2(30)","N"
"INVENTARIO",3,"ID_OFICINA","NUMBER","N"
"INVENTARIO",4,"FECHA_INVENTARIO","DATE","N"
"INVENTARIO",5,"ESTADO","VARCHAR2(15)","N"
"INVENTARIO",6,"OBSERVACION","VARCHAR2(4000)","Y"
"INVENTARIO",7,"USUARIO_CREADOR","VARCHAR2(100)","Y"
"INVENTARIO",8,"FECHA_CREACION","DATE","N"
"INVENTARIO",9,"USUARIO_ENVIO","VARCHAR2(100)","Y"
"INVENTARIO",10,"FECHA_ENVIO","DATE","Y"
"INVENTARIO",11,"USUARIO_APROBACION","VARCHAR2(100)","Y"
"INVENTARIO",12,"FECHA_APROBACION","DATE","Y"
"INVENTARIO",13,"USUARIO_POSTEO","VARCHAR2(100)","Y"
"INVENTARIO",14,"FECHA_POSTEO","DATE","Y"
"INVENTARIO",15,"USUARIO_RECHAZO","VARCHAR2(100)","Y"
"INVENTARIO",16,"FECHA_RECHAZO","DATE","Y"
"INVENTARIO_DETALLE",1,"ID_INVENTARIO_DETALLE","NUMBER","N"
"INVENTARIO_DETALLE",2,"ID_INVENTARIO","NUMBER","N"
"INVENTARIO_DETALLE",3,"ID_PRODUCTO","NUMBER","N"
"INVENTARIO_DETALLE",4,"STOCK_SISTEMA","NUMBER","N"
"INVENTARIO_DETALLE",5,"CANTIDAD_FISICA","NUMBER","N"
"INVENTARIO_DETALLE",6,"DIFERENCIA","NUMBER","Y"
"INVENTARIO_DETALLE",7,"OBSERVACION","VARCHAR2(1000)","Y"
"INVENTARIO_DETALLE",8,"ID_SECTOR","NUMBER","Y"
"INVENTARIO_DETALLE",9,"ID_UBICACION","NUMBER","Y"
"INVENTARIO_DETALLE",10,"ORDEN_SECTOR","NUMBER","Y"
"INVENTARIO_DETALLE",11,"ORDEN_UBICACION","NUMBER","Y"
"MARCAS",1,"ID_MARCA","NUMBER","N"
"MARCAS",2,"NOMBRE","VARCHAR2(100)","N"
"MARGEN_CATEGORIA",1,"ID_MARGEN","NUMBER","N"
"MARGEN_CATEGORIA",2,"ID_CATEGORIA","NUMBER","N"
"MARGEN_CATEGORIA",3,"CATEGORIA_CLIENTE","VARCHAR2(20)","N"
"MARGEN_CATEGORIA",4,"PORCENTAJE","NUMBER(5,2)","N"
"MARGEN_CATEGORIA",5,"FECHA_INICIO","DATE","N"
"MARGEN_CATEGORIA",6,"FECHA_FIN","DATE","Y"
"MARGEN_CATEGORIA",7,"ESTADO","VARCHAR2(20)","N"
"MARGEN_CATEGORIA",8,"USUARIO_CREACION","VARCHAR2(100)","Y"
"MARGEN_CATEGORIA",9,"FECHA_CREACION","DATE","N"
"MARGEN_CATEGORIA",10,"USUARIO_MODIFICACION","VARCHAR2(100)","Y"
"MARGEN_CATEGORIA",11,"FECHA_MODIFICACION","DATE","Y"
"METAS_COBRANZA",1,"ID_META","NUMBER","N"
"METAS_COBRANZA",2,"ID_OFICINA","NUMBER","N"
"METAS_COBRANZA",3,"PERIODO","DATE","N"
"METAS_COBRANZA",4,"MONTO_META","NUMBER","N"
"METAS_VENTA",1,"ID_META","NUMBER","N"
"METAS_VENTA",2,"ID_EMPLEADO","NUMBER","Y"
"METAS_VENTA",3,"ID_OFICINA","NUMBER","Y"
"METAS_VENTA",4,"PERIODO","DATE","N"
"METAS_VENTA",5,"MONTO_META","NUMBER","N"
"METODOS_PAGO",1,"ID_METODO_PAGO","NUMBER","N"
"METODOS_PAGO",2,"NOMBRE","VARCHAR2(50)","N"
"METODOS_PAGO",3,"DESCRIPCION","VARCHAR2(100)","Y"
"MONEDAS",1,"CODIGO_MONEDA","VARCHAR2(10)","N"
"MONEDAS",2,"DESCRIPCION","VARCHAR2(50)","Y"
"MONEDAS",3,"ES_LOCAL","CHAR(1)","Y"
"MOTIVOS_NOTA_CREDITO",1,"COD_MOTIVO","NUMBER(2)","N"
"MOTIVOS_NOTA_CREDITO",2,"DESCRIPCION","VARCHAR2(100)","N"
"MOTIVOS_NOTA_CREDITO",3,"ACTIVO","CHAR(1)","N"
"MOVIMIENTOS_CAJA",1,"ID_MOVIMIENTO","NUMBER","N"
"MOVIMIENTOS_CAJA",2,"ID_CLIENTE","NUMBER","N"
"MOVIMIENTOS_CAJA",3,"ID_CAJA","NUMBER","N"
"MOVIMIENTOS_CAJA",4,"FECHA","TIMESTAMP","Y"
"MOVIMIENTOS_CAJA",5,"TOTAL_MONEDA_LOCAL","NUMBER(12,2)","N"
"MOVIMIENTOS_CAJA",6,"MONEDA","VARCHAR2(10)","Y"
"MOVIMIENTOS_CAJA",7,"TIPO_CAMBIO","NUMBER(12,6)","Y"
"MOVIMIENTOS_CAJA",8,"TOTAL_MONEDA_ORIGEN","NUMBER(12,2)","Y"
"MOVIMIENTOS_CAJA",9,"ESTADO","CHAR(1)","Y"
"MOVIMIENTOS_CAJA",10,"OBSERVACION","VARCHAR2(255)","Y"
"MOVIMIENTOS_CAJA",11,"TIPO","VARCHAR2(20)","N"
"MOVIMIENTOS_CAJA",12,"ID_COMPROBANTE","NUMBER","Y"
"MOVIMIENTOS_CAJA",13,"USUARIO","VARCHAR2(60)","Y"
"MOVIMIENTOS_CAJA",14,"NRO_RECIBO","VARCHAR2(20)","Y"
"MOVIMIENTOS_CAJA",15,"ID_TALONARIO_RECIBO","NUMBER","Y"
"MOVIMIENTOS_CAJA",16,"FECHA_EMISION_RECIBO","DATE","Y"
"MOVIMIENTOS_CAJA",17,"ID_CUENTA_COBRAR_DET","NUMBER","Y"
"MOVIMIENTOS_CAJA",18,"ID_MOVIMIENTO_REVERSADO","NUMBER","Y"
"MOVIMIENTOS_STOCK",1,"ID_MOVIMIENTO","NUMBER","N"
"MOVIMIENTOS_STOCK",2,"ID_PRODUCTO","NUMBER","N"
"MOVIMIENTOS_STOCK",3,"ID_OFICINA","NUMBER","N"
"MOVIMIENTOS_STOCK",4,"TIPO_MOVIMIENTO","VARCHAR2(20)","N"
"MOVIMIENTOS_STOCK",5,"CANTIDAD","NUMBER","N"
"MOVIMIENTOS_STOCK",6,"FECHA_MOVIMIENTO","DATE","Y"
"MOVIMIENTOS_STOCK",7,"REFERENCIA","VARCHAR2(255)","Y"
"MOVIMIENTOS_STOCK",8,"OBSERVACION","VARCHAR2(255)","Y"
"MOVIMIENTOS_STOCK",9,"USUARIO","VARCHAR2(100)","Y"
"MOVIMIENTOS_STOCK",10,"FECHA","DATE","Y"
"MOVIMIENTOS_STOCK",11,"HORA","VARCHAR2(10)","Y"
"OFICINAS",1,"CODIGO_OFICINA","NUMBER","N"
"OFICINAS",2,"DESCRIPCION","VARCHAR2(255)","N"
"OFICINAS",3,"CODIGO_DEPARTAMENTO","NUMBER","Y"
"OFICINAS",4,"CODIGO_CIUDAD","NUMBER","Y"
"OFICINAS",5,"ESTABLECIMIENTO_SET","VARCHAR2(3)","Y"
"ORDENES_COMPRA",1,"ID_ORDEN_COMPRA","NUMBER","N"
"ORDENES_COMPRA",2,"ID_PROVEEDOR","NUMBER","N"
"ORDENES_COMPRA",3,"FECHA_ORDEN","DATE","Y"
"ORDENES_COMPRA",4,"ESTADO","CHAR(1)","N"
"ORDENES_COMPRA",5,"OBSERVACION","VARCHAR2(255)","Y"
"ORDENES_COMPRA",6,"ID_EMPLEADO","NUMBER","Y"
"ORDENES_COMPRA",7,"ID_OFICINA","NUMBER","Y"
"ORDENES_COMPRA",8,"TOTAL_ORDEN","NUMBER(14,2)","Y"
"ORDENES_COMPRA",9,"ID_APROBADOR","NUMBER","Y"
"ORDENES_COMPRA",10,"FECHA_APROBACION","DATE","Y"
"ORDENES_COMPRA",11,"MOTIVO_RECHAZO","VARCHAR2(500)","Y"
"ORDENES_PAGO",1,"ID_ORDEN_PAGO","NUMBER","N"
"ORDENES_PAGO",2,"ID_PROVEEDOR","NUMBER","N"
"ORDENES_PAGO",3,"FECHA_EMISION","DATE","Y"
"ORDENES_PAGO",4,"FECHA_PAGO","DATE","Y"
"ORDENES_PAGO",5,"TOTAL_PAGO","NUMBER","Y"
"ORDENES_PAGO",6,"ID_METODO_PAGO","NUMBER","Y"
"ORDENES_PAGO",7,"ESTADO","VARCHAR2(20)","Y"
"ORDENES_PAGO",8,"USUARIO","VARCHAR2(60)","Y"
"ORDENES_PAGO",9,"OBSERVACION","VARCHAR2(255)","Y"
"ORDENES_PAGO",10,"MOTIVO_ANULACION","VARCHAR2(255)","Y"
"ORDENES_VENTA",1,"ID_ORDEN","NUMBER","N"
"ORDENES_VENTA",2,"ID_PERSONA","NUMBER","N"
"ORDENES_VENTA",3,"FECHA_ORDEN","DATE","Y"
"ORDENES_VENTA",4,"ESTADO","VARCHAR2(20)","Y"
"ORDENES_VENTA",5,"TOTAL","NUMBER(12,2)","Y"
"ORDENES_VENTA",6,"OBSERVACION","VARCHAR2(255)","Y"
"ORDENES_VENTA",7,"ID_OFICINA","NUMBER","Y"
"ORDENES_VENTA",8,"FECHA_APROBACION","DATE","Y"
"ORDENES_VENTA",9,"USUARIO_APROBACION","VARCHAR2(60)","Y"
"ORDENES_VENTA",10,"FECHA_ANULACION","DATE","Y"
"ORDENES_VENTA",11,"USUARIO_ANULACION","VARCHAR2(60)","Y"
"ORDENES_VENTA",12,"MOTIVO_ANULACION","VARCHAR2(400)","Y"
"ORDENES_VENTA",13,"FECHA_VENCIMIENTO","DATE","Y"
"ORDENES_VENTA",14,"USUARIO_CREACION","VARCHAR2(60)","Y"
"ORDEN_PAGO_DET",1,"ID_DETALLE","NUMBER","N"
"ORDEN_PAGO_DET",2,"ID_ORDEN_PAGO","NUMBER","N"
"ORDEN_PAGO_DET",3,"ID_CXP","NUMBER","N"
"ORDEN_PAGO_DET",4,"MONTO_APLICADO","NUMBER","N"
"PAISES",1,"ID_PAIS","NUMBER","N"
"PAISES",2,"DESCRIPCION","VARCHAR2(255)","N"
"PARAMETROS",1,"ID_PARAMETRO","NUMBER","N"
"PARAMETROS",2,"TIPO_PARAMETRO","VARCHAR2(50)","N"
"PARAMETROS",3,"CLAVE","VARCHAR2(100)","N"
"PARAMETROS",4,"VALOR_NUMERICO","NUMBER(12,2)","Y"
"PARAMETROS",5,"VALOR_TEXTO","VARCHAR2(500)","Y"
"PARAMETROS",6,"DESCRIPCION","VARCHAR2(500)","Y"
"PARAMETROS",7,"MES_APLICABLE","CHAR(2)","Y"
"PARAMETROS",8,"ANO_APLICABLE","CHAR(4)","Y"
"PARAMETROS",9,"ACTIVO","CHAR(1)","N"
"PARAMETROS",10,"FECHA_CREACION","DATE","N"
"PARAMETROS",11,"USUARIO_CREACION","VARCHAR2(100)","Y"
"PARAMETROS",12,"FECHA_MODIFICACION","DATE","Y"
"PARAMETROS",13,"USUARIO_MODIFICACION","VARCHAR2(100)","Y"
"PERSONAS",1,"ID_PERSONA","NUMBER","N"
"PERSONAS",2,"NRO_DOCUMENTO","VARCHAR2(20)","N"
"PERSONAS",3,"TIPO_DOCUMENTO","VARCHAR2(20)","N"
"PERSONAS",4,"FECHA_VENCIMIENTO","DATE","Y"
"PERSONAS",5,"TIPO_PERSONA","VARCHAR2(20)","Y"
"PERSONAS",6,"SEXO","CHAR(1)","Y"
"PERSONAS",7,"PRIMER_NOMBRE","VARCHAR2(50)","N"
"PERSONAS",8,"SEGUNDO_NOMBRE","VARCHAR2(50)","Y"
"PERSONAS",9,"PRIMER_APELLIDO","VARCHAR2(50)","N"
"PERSONAS",10,"SEGUNDO_APELLIDO","VARCHAR2(50)","Y"
"PERSONAS",11,"ESTADO_CIVIL","VARCHAR2(20)","Y"
"PERSONAS",12,"CORREO","VARCHAR2(100)","Y"
"PERSONAS",13,"FECHA_NACIMIENTO","DATE","Y"
"PERSONAS",14,"FECHA_REGISTRO","DATE","N"
"PLANES_CUOTA",1,"CUOTAS","NUMBER","Y"
"PLANES_CUOTA",2,"DESCRIPCION","VARCHAR2(50)","Y"
"PLANES_CUOTA",3,"TASA_INTERES_PORCENTAJE","NUMBER(5,2)","Y"
"PLANES_CUOTA",4,"ACTIVO","CHAR(1)","Y"
"PLANES_CUOTA",5,"ID_PLAN_CUOTA","NUMBER","N"
"PRECIO_POR_CATEGORIA",1,"ID_PRECIO","NUMBER","N"
"PRECIO_POR_CATEGORIA",2,"ID_PRODUCTO","NUMBER","N"
"PRECIO_POR_CATEGORIA",3,"CATEGORIA_CLIENTE","VARCHAR2(50)","N"
"PRECIO_POR_CATEGORIA",4,"PRECIO","NUMBER(12,2)","N"
"PRECIO_POR_CATEGORIA",5,"MONEDA","VARCHAR2(10)","Y"
"PRECIO_POR_CATEGORIA",6,"FECHA_VIGENCIA","DATE","Y"
"PRECIO_POR_CATEGORIA",7,"ACTIVO","CHAR(1)","Y"
"PRIVILEGIOS",1,"ID_PRIV","NUMBER","N"
"PRIVILEGIOS",2,"CODIGO","VARCHAR2(60)","N"
"PRIVILEGIOS",3,"NOMBRE","VARCHAR2(120)","N"
"PRIVILEGIOS",4,"DESCRIPCION","VARCHAR2(4000)","Y"
"PRIVILEGIOS",5,"ACTIVO","CHAR(1)","Y"
"PRODUCTO_PROVEEDORES",1,"ID_PRODUCTO","NUMBER","N"
"PRODUCTO_PROVEEDORES",2,"ID_PERSONA","NUMBER","N"
"PRODUCTO_PROVEEDORES",3,"CODIGO_REFERENCIA","VARCHAR2(100)","Y"
"PRODUCTO_PROVEEDORES",4,"PRECIO","NUMBER","N"
"PRODUCTO_PROVEEDORES",5,"FECHA_INICIO","DATE","N"
"PRODUCTO_PROVEEDORES",6,"FECHA_FIN","DATE","Y"
"PRODUCTO_PROVEEDORES",7,"ESTADO","VARCHAR2(20)","N"
"PRODUCTO_PROVEEDORES",8,"FECHA_CREACION","DATE","N"
"PRODUCTO_PROVEEDORES",9,"USUARIO_CREACION","VARCHAR2(100)","Y"
"PRODUCTO_PROVEEDORES",10,"FECHA_MODIFICACION","DATE","Y"
"PRODUCTO_PROVEEDORES",11,"USUARIO_MODIFICACION","VARCHAR2(100)","Y"
"PRODUCTO_PROVEEDORES_BACKUP",1,"ID_PRODUCTO","NUMBER","N"
"PRODUCTO_PROVEEDORES_BACKUP",2,"ID_PERSONA","NUMBER","N"
"PRODUCTO_PROVEEDORES_BACKUP",3,"PRECIO","NUMBER","Y"
"PRODUCTO_PROVEEDORES_OLD",1,"ID_PRODUCTO","NUMBER","N"
"PRODUCTO_PROVEEDORES_OLD",2,"ID_PERSONA","NUMBER","N"
"PRODUCTO_PROVEEDORES_OLD",3,"PRECIO","NUMBER","Y"
"PRODUCTOS",1,"ID_PRODUCTO","NUMBER","N"
"PRODUCTOS",2,"NOMBRE","VARCHAR2(255)","N"
"PRODUCTOS",3,"ID_CATEGORIA","NUMBER","Y"
"PRODUCTOS",4,"ID_MARCA","NUMBER","Y"
"PRODUCTOS",5,"DESCRIPCION","VARCHAR2(500)","Y"
"PRODUCTOS",6,"MODELO","VARCHAR2(100)","Y"
"PRODUCTOS",7,"CODIGO_PROVEEDOR","VARCHAR2(50)","Y"
"PRODUCTOS",8,"ACTIVO","CHAR(1)","Y"
"PRODUCTOS",9,"ID_TIPO_IVA","NUMBER","Y"
"PRODUCTO_UBICACION",1,"ID_PRODUCTO","NUMBER","N"
"PRODUCTO_UBICACION",2,"ID_OFICINA","NUMBER","N"
"PRODUCTO_UBICACION",3,"ID_SECTOR","NUMBER","N"
"PRODUCTO_UBICACION",4,"ID_UBICACION","NUMBER","Y"
"PRODUCTO_UBICACION",5,"ORDEN_POSICION","NUMBER","N"
"PRODUCTO_UBICACION",6,"FECHA_CREACION","DATE","N"
"PRODUCTO_UBICACION",7,"USUARIO_CREACION","VARCHAR2(100)","Y"
"PRODUCTO_UBICACION",8,"FECHA_MODIFICACION","DATE","Y"
"PRODUCTO_UBICACION",9,"USUARIO_MODIFICACION","VARCHAR2(100)","Y"
"PROVEEDOR_CONTACTOS",1,"ID_CONTACTO","NUMBER","N"
"PROVEEDOR_CONTACTOS",2,"ID_PROVEEDOR","NUMBER","N"
"PROVEEDOR_CONTACTOS",3,"NOMBRE","VARCHAR2(100)","N"
"PROVEEDOR_CONTACTOS",4,"TELEFONO","VARCHAR2(50)","Y"
"PROVEEDOR_CONTACTOS",5,"CORREO","VARCHAR2(100)","Y"
"PROVEEDOR_CONTACTOS",6,"CARGO","VARCHAR2(100)","Y"
"PROVEEDORES",1,"ID_PERSONA","NUMBER","N"
"PROVEEDORES",2,"CODIGO_USUARIO","VARCHAR2(1000)","Y"
"PROVEEDORES",3,"ESTADO","VARCHAR2(1)","Y"
"PROVEEDORES",4,"FECHA_REGISTRO","DATE","Y"
"PROVEEDORES",5,"CATEGORIA","VARCHAR2(50)","Y"
"PROVEEDORES",6,"PLAZO_PAGO_DIAS","NUMBER","Y"
"RECEPCIONES_COMPRA",1,"ID_RECEPCION","NUMBER","N"
"RECEPCIONES_COMPRA",2,"ID_ORDEN_COMPRA","NUMBER","N"
"RECEPCIONES_COMPRA",3,"ID_COMPROBANTE","NUMBER","Y"
"RECEPCIONES_COMPRA",4,"FECHA_RECEPCION","DATE","Y"
"RECEPCIONES_COMPRA",5,"ID_EMPLEADO","NUMBER","Y"
"RECEPCIONES_COMPRA",6,"OBSERVACION","VARCHAR2(255)","Y"
"RECURSOS",1,"ID_RECURSO","NUMBER","N"
"RECURSOS",2,"APP_ID","NUMBER","N"
"RECURSOS",3,"PAGE_ID","NUMBER","N"
"RECURSOS",4,"COMPONENT_STATIC_ID","VARCHAR2(200)","Y"
"RECURSOS",5,"ID_PRIV_REQUERIDO","NUMBER","N"
"RECURSOS",6,"ACTIVO","CHAR(1)","Y"
"REFERENCIAS_DINAMICAS",1,"REFERENCIA","VARCHAR2(50)","N"
"REFERENCIAS_DINAMICAS",2,"DESCRIPCION","VARCHAR2(255)","N"
"REFERENCIAS_DINAMICAS",3,"VALOR","VARCHAR2(255)","N"
"RESERVAS_PRODUCTO",1,"ID_RESERVA","NUMBER","N"
"RESERVAS_PRODUCTO",2,"ID_PRODUCTO","NUMBER","N"
"RESERVAS_PRODUCTO",3,"ID_OFICINA","NUMBER","N"
"RESERVAS_PRODUCTO",4,"CANTIDAD_RESERVADA","NUMBER","N"
"RESERVAS_PRODUCTO",5,"FECHA_RESERVA","DATE","Y"
"RESERVAS_PRODUCTO",6,"ESTADO","VARCHAR2(20)","Y"
"RESERVAS_PRODUCTO",7,"OBSERVACION","VARCHAR2(255)","Y"
"RESERVAS_PRODUCTO",8,"ID_ORDEN_VENTA","NUMBER","Y"
"ROLES",1,"ID_ROL","NUMBER","N"
"ROLES",2,"DESCRIPCION","VARCHAR2(255)","N"
"ROLES",3,"NOMBRE_ROL","VARCHAR2(255)","N"
"ROLES_PRIVILEGIOS",1,"ID_ROL","NUMBER","N"
"ROLES_PRIVILEGIOS",2,"ID_PRIV","NUMBER","N"
"SECTORES",1,"ID_SECTOR","NUMBER","N"
"SECTORES",2,"ID_OFICINA","NUMBER","N"
"SECTORES",3,"NOMBRE","VARCHAR2(100)","N"
"SECTORES",4,"ORDEN","NUMBER","N"
"SECTORES",5,"ACTIVO","CHAR(1)","Y"
"SOLICITUDES_NOTA_CREDITO",1,"ID_SOLICITUD_NC","NUMBER","N"
"SOLICITUDES_NOTA_CREDITO",2,"ID_COMPROBANTE_ORIGEN","NUMBER","N"
"SOLICITUDES_NOTA_CREDITO",3,"COD_MOTIVO","NUMBER(2)","N"
"SOLICITUDES_NOTA_CREDITO",4,"TIPO_NC","CHAR(1)","N"
"SOLICITUDES_NOTA_CREDITO",5,"DEVUELVE_STOCK","CHAR(1)","N"
"SOLICITUDES_NOTA_CREDITO",6,"OBSERVACION","VARCHAR2(500)","Y"
"SOLICITUDES_NOTA_CREDITO",7,"ESTADO","CHAR(1)","N"
"SOLICITUDES_NOTA_CREDITO",8,"USUARIO_SOLICITA","VARCHAR2(60)","N"
"SOLICITUDES_NOTA_CREDITO",9,"FECHA_SOLICITUD","DATE","N"
"SOLICITUDES_NOTA_CREDITO",10,"USUARIO_APRUEBA","VARCHAR2(60)","Y"
"SOLICITUDES_NOTA_CREDITO",11,"FECHA_RESOLUCION","DATE","Y"
"SOLICITUDES_NOTA_CREDITO",12,"MOTIVO_RECHAZO","VARCHAR2(500)","Y"
"SOLICITUDES_NOTA_CREDITO",13,"ID_NC_GENERADA","NUMBER","Y"
"SOLICITUDES_REVERSO_COBRO",1,"ID_SOLICITUD_RC","NUMBER","N"
"SOLICITUDES_REVERSO_COBRO",2,"ID_MOVIMIENTO","NUMBER","N"
"SOLICITUDES_REVERSO_COBRO",3,"MOTIVO","VARCHAR2(500)","N"
"SOLICITUDES_REVERSO_COBRO",4,"ESTADO","CHAR(1)","N"
"SOLICITUDES_REVERSO_COBRO",5,"USUARIO_SOLICITA","VARCHAR2(60)","N"
"SOLICITUDES_REVERSO_COBRO",6,"FECHA_SOLICITUD","DATE","N"
"SOLICITUDES_REVERSO_COBRO",7,"USUARIO_APRUEBA","VARCHAR2(60)","Y"
"SOLICITUDES_REVERSO_COBRO",8,"FECHA_RESOLUCION","DATE","Y"
"SOLICITUDES_REVERSO_COBRO",9,"MOTIVO_RECHAZO","VARCHAR2(500)","Y"
"SOLICITUDES_REVERSO_COBRO",10,"ID_MOVIMIENTO_EGRESO","NUMBER","Y"
"SOLICITUD_NC_DETALLE",1,"ID_SOL_NC_DET","NUMBER","N"
"SOLICITUD_NC_DETALLE",2,"ID_SOLICITUD_NC","NUMBER","N"
"SOLICITUD_NC_DETALLE",3,"ID_DETALLE_ORIGEN","NUMBER","N"
"SOLICITUD_NC_DETALLE",4,"ID_PRODUCTO","NUMBER","N"
"SOLICITUD_NC_DETALLE",5,"CANTIDAD","NUMBER","N"
"SOLICITUD_NC_DETALLE",6,"PRECIO_UNITARIO","NUMBER(12,2)","Y"
"SOLICITUD_NC_DETALLE",7,"PORCENTAJE_IVA","NUMBER(5,2)","Y"
"STOCK_PRODUCTO",1,"ID_PRODUCTO","NUMBER","N"
"STOCK_PRODUCTO",2,"ID_OFICINA","NUMBER","N"
"STOCK_PRODUCTO",3,"CANTIDAD","NUMBER","Y"
"STOCK_PRODUCTO",4,"STOCK_MAXIMO","NUMBER(10,2)","Y"
"STOCK_PRODUCTO",5,"FECHA_CREACION","DATE","Y"
"STOCK_PRODUCTO",6,"USUARIO_CREACION","VARCHAR2(100)","Y"
"STOCK_PRODUCTO",7,"FECHA_MODIFICACION","DATE","Y"
"STOCK_PRODUCTO",8,"USUARIO_MODIFICACION","VARCHAR2(100)","Y"
"STOCK_PRODUCTO",9,"STOCK_MINIMO","NUMBER(10,2)","Y"
"TALONARIOS",1,"ID_TALONARIO","NUMBER","N"
"TALONARIOS",2,"ID_OFICINA","NUMBER","N"
"TALONARIOS",3,"TIPO_COMPROBANTE","VARCHAR2(2)","N"
"TALONARIOS",4,"ESTABLECIMIENTO","VARCHAR2(3)","N"
"TALONARIOS",5,"PUNTO_EXPEDICION","VARCHAR2(3)","N"
"TALONARIOS",6,"NRO_INICIAL","NUMBER","N"
"TALONARIOS",7,"NRO_FINAL","NUMBER","N"
"TALONARIOS",8,"NRO_ACTUAL","NUMBER","N"
"TALONARIOS",9,"TIMBRADO","VARCHAR2(20)","N"
"TALONARIOS",10,"FECHA_INICIO","DATE","N"
"TALONARIOS",11,"FECHA_FIN","DATE","N"
"TALONARIOS",12,"ACTIVO","CHAR(1)","Y"
"TALONARIOS",13,"ID_CAJA_CONF","NUMBER","N"
"TELEFONOS",1,"ID_PERSONA","NUMBER","Y"
"TELEFONOS",2,"TIPO","VARCHAR2(50)","Y"
"TELEFONOS",3,"NRO_TELEFONO","VARCHAR2(50)","Y"
"TIPO_IVA",1,"ID_TIPO_IVA","NUMBER","N"
"TIPO_IVA",2,"DESCRIPCION","VARCHAR2(50)","N"
"TIPO_IVA",3,"PORCENTAJE","NUMBER(5,2)","N"
"TIPO_IVA",4,"ACTIVO","CHAR(1)","Y"
"TIPOS_CAMBIO",1,"ID_TC","NUMBER","N"
"TIPOS_CAMBIO",2,"FECHA","DATE","N"
"TIPOS_CAMBIO",3,"COD_MONEDA_BASE","VARCHAR2(10)","N"
"TIPOS_CAMBIO",4,"COD_MONEDA_COTIZADA","VARCHAR2(10)","N"
"TIPOS_CAMBIO",5,"FUENTE","VARCHAR2(30)","N"
"TIPOS_CAMBIO",6,"TIPO_COMPRA","NUMBER(18,6)","Y"
"TIPOS_CAMBIO",7,"TIPO_VENTA","NUMBER(18,6)","Y"
"TIPOS_CAMBIO",8,"REF_DIARIO","NUMBER(18,6)","Y"
"TIPOS_CAMBIO",9,"FECHA_UPDATED","DATE","Y"
"TRANSFERENCIAS_STOCK",1,"ID_TRANSFERENCIA","NUMBER","N"
"TRANSFERENCIAS_STOCK",2,"ID_PRODUCTO","NUMBER","N"
"TRANSFERENCIAS_STOCK",3,"ID_OFICINA_ORIGEN","NUMBER","N"
"TRANSFERENCIAS_STOCK",4,"ID_OFICINA_DESTINO","NUMBER","N"
"TRANSFERENCIAS_STOCK",5,"CANTIDAD","NUMBER","N"
"TRANSFERENCIAS_STOCK",6,"FECHA","DATE","Y"
"TRANSFERENCIAS_STOCK",7,"OBSERVACION","VARCHAR2(255)","N"
"TRANSFERENCIAS_STOCK",8,"USUARIO","VARCHAR2(100)","Y"
"TRANSFERENCIAS_STOCK",9,"HORA","VARCHAR2(10)","Y"
"UBICACIONES",1,"ID_UBICACION","NUMBER","N"
"UBICACIONES",2,"ID_SECTOR","NUMBER","N"
"UBICACIONES",3,"CODIGO","VARCHAR2(100)","N"
"UBICACIONES",4,"ORDEN","NUMBER","N"
"UBICACIONES",5,"ACTIVO","CHAR(1)","Y"
"V_ALERTAS_CADUCIDAD_PP",1,"ID_PRODUCTO","NUMBER","N"
"V_ALERTAS_CADUCIDAD_PP",2,"PRODUCTO_NOMBRE","VARCHAR2(255)","N"
"V_ALERTAS_CADUCIDAD_PP",3,"ID_PERSONA","NUMBER","N"
"V_ALERTAS_CADUCIDAD_PP",4,"PROVEEDOR_NOMBRE","VARCHAR2(101)","Y"
"V_ALERTAS_CADUCIDAD_PP",5,"PRECIO","NUMBER","N"
"V_ALERTAS_CADUCIDAD_PP",6,"FECHA_FIN","DATE","Y"
"V_ALERTAS_CADUCIDAD_PP",7,"DIAS_PARA_CADUCIDAD","NUMBER","Y"
"V_ALERTAS_CADUCIDAD_PP",8,"NIVEL_ALERTA","VARCHAR2(11)","Y"
"V_ANULACIONES_FACTURAS",1,"ID_COMPROBANTE","NUMBER","N"
"V_ANULACIONES_FACTURAS",2,"NRO_COMPROBANTE","VARCHAR2(20)","Y"
"V_ANULACIONES_FACTURAS",3,"FECHA","DATE","Y"
"V_ANULACIONES_FACTURAS",4,"TOTAL_MONEDA_LOCAL","NUMBER(12,2)","N"
"V_ANULACIONES_FACTURAS",5,"MONEDA","VARCHAR2(10)","Y"
"V_ANULACIONES_FACTURAS",6,"ESTADO","CHAR(1)","Y"
"V_ANULACIONES_FACTURAS",7,"FORMA_PAGO","VARCHAR2(20)","Y"
"V_ANULACIONES_FACTURAS",8,"MOTIVO_ANULACION","VARCHAR2(500)","Y"
"V_ANULACIONES_FACTURAS",9,"USUARIO_SOLICITA","VARCHAR2(60)","Y"
"V_ANULACIONES_FACTURAS",10,"FECHA_SOLICITUD","DATE","Y"
"V_ANULACIONES_FACTURAS",11,"USUARIO_APRUEBA","VARCHAR2(60)","Y"
"V_ANULACIONES_FACTURAS",12,"FECHA_RESOLUCION","DATE","Y"
"V_ANULACIONES_FACTURAS",13,"MOTIVO_RECHAZO","VARCHAR2(500)","Y"
"V_ANULACIONES_FACTURAS",14,"ID_CLIENTE","NUMBER","N"
"V_ANULACIONES_FACTURAS",15,"CLIENTE_NOMBRE","VARCHAR2(32767)","Y"
"V_ANULACIONES_FACTURAS",16,"ID_OFICINA","NUMBER","N"
"V_ANULACIONES_FACTURAS",17,"OFICINA_NOMBRE","VARCHAR2(255)","Y"
"V_CAJA_SALDO",1,"ID_CAJA","NUMBER","N"
"V_CAJA_SALDO",2,"MONEDA","VARCHAR2(10)","N"
"V_CAJA_SALDO",3,"MONTO_APERTURA","NUMBER(12,2)","Y"
"V_CAJA_SALDO",4,"INGRESOS","NUMBER","Y"
"V_CAJA_SALDO",5,"EGRESOS","NUMBER","Y"
"V_CAJA_SALDO",6,"SALDO_ESPERADO","NUMBER","Y"
"V_CAJA_SALDO",7,"MONTO_CIERRE","NUMBER(12,2)","Y"
"V_CAJA_SALDO",8,"MONTO_DECLARADO","NUMBER","Y"
"V_CAJA_SALDO",9,"MONTO_DIFERENCIA","NUMBER","Y"
"V_CARTERA_CXC",1,"ID_DETALLE","NUMBER","N"
"V_CARTERA_CXC",2,"ID_CXC","NUMBER","N"
"V_CARTERA_CXC",3,"NRO_CUOTA","NUMBER","N"
"V_CARTERA_CXC",4,"FECHA_VENCIMIENTO","DATE","N"
"V_CARTERA_CXC",5,"MONTO_CUOTA","NUMBER(12,2)","N"
"V_CARTERA_CXC",6,"ESTADO_CUOTA","VARCHAR2(20)","Y"
"V_CARTERA_CXC",7,"ID_PERSONA","NUMBER","N"
"V_CARTERA_CXC",8,"CLIENTE","VARCHAR2(32767)","Y"
"V_CARTERA_CXC",9,"ID_COMPROBANTE","NUMBER","N"
"V_CARTERA_CXC",10,"COMPROBANTE_ORIGEN","VARCHAR2(20)","Y"
"V_CARTERA_CXC",11,"ID_OFICINA","NUMBER","Y"
"V_CARTERA_CXC",12,"OFICINA","VARCHAR2(255)","Y"
"V_CARTERA_CXC",13,"DIAS_ATRASO","NUMBER","Y"
"V_CARTERA_CXC",14,"POR_VENCER","CHAR(1)","Y"
"V_CARTERA_CXC",15,"BUCKET","VARCHAR2(10)","Y"
"V_CARTERA_CXC",16,"BUCKET_ORDEN","NUMBER","Y"
"V_CMP_COMPRA",1,"ID_COMPROBANTE","NUMBER","N"
"V_CMP_COMPRA",2,"ID_PROVEEDOR","NUMBER","N"
"V_CMP_COMPRA",3,"PROVEEDOR","VARCHAR2(101)","Y"
"V_CMP_COMPRA",4,"FECHA_EMISION","DATE","Y"
"V_CMP_COMPRA",5,"PERIODO","DATE","Y"
"V_CMP_COMPRA",6,"TOTAL","NUMBER","Y"
"V_CMP_COMPRA",7,"ESTADO","VARCHAR2(30)","N"
"V_CMP_COMPRA",8,"ESTADO_LABEL","VARCHAR2(30)","Y"
"V_CMP_COMPRA",9,"FORMA_PAGO","VARCHAR2(2)","Y"
"V_CMP_COMPRA",10,"CONDICION","VARCHAR2(15)","Y"
"V_CMP_COMPRA",11,"ID_OFICINA","NUMBER","Y"
"V_CMP_COMPRA",12,"OFICINA","VARCHAR2(255)","Y"
"V_CMP_COMPRA",13,"ID_ORDEN_COMPRA","NUMBER","Y"
"V_CMP_COMPRA",14,"ID_EMPLEADO","NUMBER","Y"
"V_CMP_COMPRA",15,"COMPRADOR","VARCHAR2(101)","Y"
"V_CMP_COMPRA",16,"TIPO_COMPROBANTE","CHAR(2)","N"
"V_CMP_CXP_AGING",1,"ID_CXP","NUMBER","N"
"V_CMP_CXP_AGING",2,"ID_PROVEEDOR","NUMBER","N"
"V_CMP_CXP_AGING",3,"PROVEEDOR","VARCHAR2(101)","Y"
"V_CMP_CXP_AGING",4,"ID_COMPROBANTE","NUMBER","N"
"V_CMP_CXP_AGING",5,"NRO_COMPROBANTE","VARCHAR2(50)","Y"
"V_CMP_CXP_AGING",6,"FECHA_EMISION","DATE","Y"
"V_CMP_CXP_AGING",7,"TOTAL_A_PAGAR","NUMBER(12,2)","Y"
"V_CMP_CXP_AGING",8,"SALDO","NUMBER(12,2)","Y"
"V_CMP_CXP_AGING",9,"FECHA_VENCIMIENTO","DATE","Y"
"V_CMP_CXP_AGING",10,"DIAS_ATRASO","NUMBER","Y"
"V_CMP_CXP_AGING",11,"SITUACION","VARCHAR2(10)","Y"
"V_CMP_CXP_AGING",12,"BUCKET","VARCHAR2(10)","Y"
"V_CMP_CXP_AGING",13,"BUCKET_ORDEN","NUMBER","Y"
"V_CMP_GASTO_MES",1,"PERIODO","DATE","Y"
"V_CMP_GASTO_MES",2,"ID_PROVEEDOR","NUMBER","N"
"V_CMP_GASTO_MES",3,"PROVEEDOR","VARCHAR2(101)","Y"
"V_CMP_GASTO_MES",4,"N_COMPRAS","NUMBER","Y"
"V_CMP_GASTO_MES",5,"GASTO","NUMBER","Y"
"V_CMP_LINEA",1,"ID_DETALLE","NUMBER","N"
"V_CMP_LINEA",2,"ID_COMPROBANTE","NUMBER","N"
"V_CMP_LINEA",3,"PERIODO","DATE","Y"
"V_CMP_LINEA",4,"ID_PROVEEDOR","NUMBER","N"
"V_CMP_LINEA",5,"PROVEEDOR","VARCHAR2(101)","Y"
"V_CMP_LINEA",6,"ID_PRODUCTO","NUMBER","N"
"V_CMP_LINEA",7,"PRODUCTO","VARCHAR2(255)","Y"
"V_CMP_LINEA",8,"CATEGORIA","VARCHAR2(255)","Y"
"V_CMP_LINEA",9,"CANTIDAD","NUMBER(12,2)","Y"
"V_CMP_LINEA",10,"PRECIO_UNITARIO","NUMBER(12,2)","Y"
"V_CMP_LINEA",11,"TOTAL","NUMBER","Y"
"V_CMP_OC_ABIERTA",1,"ID_ORDEN_COMPRA","NUMBER","N"
"V_CMP_OC_ABIERTA",2,"ID_PROVEEDOR","NUMBER","N"
"V_CMP_OC_ABIERTA",3,"PROVEEDOR","VARCHAR2(101)","Y"
"V_CMP_OC_ABIERTA",4,"FECHA_ORDEN","DATE","Y"
"V_CMP_OC_ABIERTA",5,"TOTAL_ORDEN","NUMBER(14,2)","Y"
"V_CMP_OC_ABIERTA",6,"DIAS_ABIERTA","NUMBER","Y"
"V_CMP_OC_ABIERTA",7,"ID_OFICINA","NUMBER","Y"
"V_CMP_OC_ABIERTA",8,"OFICINA","VARCHAR2(255)","Y"
"V_CMP_OC_EMBUDO",1,"ESTADO","CHAR(1)","N"
"V_CMP_OC_EMBUDO",2,"ESTADO_LABEL","VARCHAR2(19)","Y"
"V_CMP_OC_EMBUDO",3,"ORDEN","NUMBER","Y"
"V_CMP_OC_EMBUDO",4,"N_OC","NUMBER","Y"
"V_CMP_OC_EMBUDO",5,"MONTO","NUMBER","Y"
"V_CMP_PAGOS",1,"ID_ORDEN_PAGO","NUMBER","N"
"V_CMP_PAGOS",2,"ID_PROVEEDOR","NUMBER","N"
"V_CMP_PAGOS",3,"PROVEEDOR","VARCHAR2(101)","Y"
"V_CMP_PAGOS",4,"FECHA_EMISION","DATE","Y"
"V_CMP_PAGOS",5,"FECHA_PAGO","DATE","Y"
"V_CMP_PAGOS",6,"PERIODO_PAGO","DATE","Y"
"V_CMP_PAGOS",7,"TOTAL_PAGO","NUMBER","Y"
"V_CMP_PAGOS",8,"ID_METODO_PAGO","NUMBER","Y"
"V_CMP_PAGOS",9,"METODO","VARCHAR2(100)","Y"
"V_CMP_PAGOS",10,"ESTADO","VARCHAR2(20)","Y"
"V_CMP_RECEPCION",1,"ID_RECEPCION","NUMBER","N"
"V_CMP_RECEPCION",2,"ID_ORDEN_COMPRA","NUMBER","N"
"V_CMP_RECEPCION",3,"ID_PROVEEDOR","NUMBER","Y"
"V_CMP_RECEPCION",4,"PROVEEDOR","VARCHAR2(101)","Y"
"V_CMP_RECEPCION",5,"FECHA_ORDEN","DATE","Y"
"V_CMP_RECEPCION",6,"FECHA_RECEPCION","DATE","Y"
"V_CMP_RECEPCION",7,"LEAD_DIAS","NUMBER","Y"
"V_CMP_RECEPCION",8,"PERIODO","DATE","Y"
"V_CMP_RECEPCION",9,"CANT_RECIBIDA","NUMBER","Y"
"V_COBROS_MEDIO",1,"FECHA","TIMESTAMP","Y"
"V_COBROS_MEDIO",2,"PERIODO","DATE","Y"
"V_COBROS_MEDIO",3,"ID_OFICINA","NUMBER","Y"
"V_COBROS_MEDIO",4,"OFICINA","VARCHAR2(255)","Y"
"V_COBROS_MEDIO",5,"COBRADOR_COD","VARCHAR2(60)","Y"
"V_COBROS_MEDIO",6,"METODO_COD","NUMBER","Y"
"V_COBROS_MEDIO",7,"METODO","VARCHAR2(100)","Y"
"V_COBROS_MEDIO",8,"MONTO","NUMBER(12,2)","N"
"V_COBROS_MOV",1,"ID_MOVIMIENTO","NUMBER","N"
"V_COBROS_MOV",2,"NRO_RECIBO","VARCHAR2(20)","Y"
"V_COBROS_MOV",3,"FECHA","TIMESTAMP","Y"
"V_COBROS_MOV",4,"PERIODO","DATE","Y"
"V_COBROS_MOV",5,"ID_OFICINA","NUMBER","Y"
"V_COBROS_MOV",6,"OFICINA","VARCHAR2(255)","Y"
"V_COBROS_MOV",7,"COBRADOR_COD","VARCHAR2(60)","Y"
"V_COBROS_MOV",8,"COBRADOR_NOMBRE","VARCHAR2(255)","Y"
"V_COBROS_MOV",9,"ID_CLIENTE","NUMBER","N"
"V_COBROS_MOV",10,"CLIENTE","VARCHAR2(32767)","Y"
"V_COBROS_MOV",11,"ID_CUENTA_COBRAR_DET","NUMBER","Y"
"V_COBROS_MOV",12,"TOTAL","NUMBER(12,2)","N"
"V_COBROS_NETO_MES",1,"PERIODO","DATE","Y"
"V_COBROS_NETO_MES",2,"ID_OFICINA","NUMBER","Y"
"V_COBROS_NETO_MES",3,"OFICINA","VARCHAR2(255)","Y"
"V_COBROS_NETO_MES",4,"COBRADOR_COD","VARCHAR2(60)","Y"
"V_COBROS_NETO_MES",5,"COBRADOR_NOMBRE","VARCHAR2(255)","Y"
"V_COBROS_NETO_MES",6,"BRUTO","NUMBER","Y"
"V_COBROS_NETO_MES",7,"REVERSOS","NUMBER","Y"
"V_COBROS_NETO_MES",8,"NETO","NUMBER","Y"
"V_COBROS_NETO_MES",9,"RECIBOS","NUMBER","Y"
"V_COBROS_OFICINA_META",1,"PERIODO","DATE","Y"
"V_COBROS_OFICINA_META",2,"ID_OFICINA","NUMBER","Y"
"V_COBROS_OFICINA_META",3,"OFICINA","VARCHAR2(255)","Y"
"V_COBROS_OFICINA_META",4,"NETO","NUMBER","Y"
"V_COBROS_OFICINA_META",5,"MONTO_META","NUMBER","Y"
"V_COBROS_OFICINA_META",6,"CUMPLIMIENTO_PCT","NUMBER","Y"
"V_COBROS_REVERSO",1,"ID_EGRESO","NUMBER","N"
"V_COBROS_REVERSO",2,"ID_COBRO","NUMBER","N"
"V_COBROS_REVERSO",3,"NRO_RECIBO","VARCHAR2(20)","Y"
"V_COBROS_REVERSO",4,"FECHA","TIMESTAMP","Y"
"V_COBROS_REVERSO",5,"PERIODO","DATE","Y"
"V_COBROS_REVERSO",6,"ID_OFICINA","NUMBER","Y"
"V_COBROS_REVERSO",7,"OFICINA","VARCHAR2(255)","Y"
"V_COBROS_REVERSO",8,"COBRADOR_COD","VARCHAR2(60)","Y"
"V_COBROS_REVERSO",9,"COBRADOR_NOMBRE","VARCHAR2(255)","Y"
"V_COBROS_REVERSO",10,"TOTAL_REVERSO","NUMBER(12,2)","N"
"V_COMPARATIVA_PRECIO_PROVEEDORES",1,"ID_PRODUCTO","NUMBER","N"
"V_COMPARATIVA_PRECIO_PROVEEDORES",2,"PRODUCTO_NOMBRE","VARCHAR2(255)","N"
"V_COMPARATIVA_PRECIO_PROVEEDORES",3,"PROVEEDOR_NOMBRE","VARCHAR2(101)","Y"
"V_COMPARATIVA_PRECIO_PROVEEDORES",4,"PRECIO","NUMBER","N"
"V_COMPARATIVA_PRECIO_PROVEEDORES",5,"PRECIO_PROMEDIO","NUMBER","Y"
"V_COMPARATIVA_PRECIO_PROVEEDORES",6,"DIFERENCIA","NUMBER","Y"
"V_COMPARATIVA_PRECIO_PROVEEDORES",7,"RANKING_PRECIO","NUMBER","Y"
"V_CXP_DEUDA",1,"ID_CXP","NUMBER","N"
"V_CXP_DEUDA",2,"ID_PROVEEDOR","NUMBER","N"
"V_CXP_DEUDA",3,"PROVEEDOR","VARCHAR2(101)","Y"
"V_CXP_DEUDA",4,"ID_COMPROBANTE","NUMBER","N"
"V_CXP_DEUDA",5,"NRO_COMPROBANTE","VARCHAR2(50)","Y"
"V_CXP_DEUDA",6,"FECHA_EMISION","DATE","Y"
"V_CXP_DEUDA",7,"TOTAL_A_PAGAR","NUMBER(12,2)","Y"
"V_CXP_DEUDA",8,"SALDO","NUMBER(12,2)","Y"
"V_CXP_DEUDA",9,"FECHA_VENCIMIENTO","DATE","Y"
"V_CXP_DEUDA",10,"DIAS_ATRASO","NUMBER","Y"
"V_CXP_DEUDA",11,"SITUACION","VARCHAR2(10)","Y"
"V_CXP_DEUDA",12,"ESTADO","VARCHAR2(20)","Y"
"V_INV_CONTEO_DIF",1,"ID_INVENTARIO","NUMBER","N"
"V_INV_CONTEO_DIF",2,"NRO_DOCUMENTO","VARCHAR2(30)","N"
"V_INV_CONTEO_DIF",3,"ESTADO_DOC","VARCHAR2(15)","N"
"V_INV_CONTEO_DIF",4,"ID_OFICINA","NUMBER","N"
"V_INV_CONTEO_DIF",5,"OFICINA","VARCHAR2(255)","Y"
"V_INV_CONTEO_DIF",6,"FECHA_INVENTARIO","DATE","N"
"V_INV_CONTEO_DIF",7,"ID_PRODUCTO","NUMBER","N"
"V_INV_CONTEO_DIF",8,"PRODUCTO","VARCHAR2(255)","Y"
"V_INV_CONTEO_DIF",9,"CATEGORIA","VARCHAR2(100)","Y"
"V_INV_CONTEO_DIF",10,"STOCK_SISTEMA","NUMBER","N"
"V_INV_CONTEO_DIF",11,"CANTIDAD_FISICA","NUMBER","N"
"V_INV_CONTEO_DIF",12,"DIFERENCIA","NUMBER","Y"
"V_INV_CONTEO_DIF",13,"DIF_ABS","NUMBER","Y"
"V_INV_CONTEO_DIF",14,"EXACTITUD_PCT","NUMBER","Y"
"V_INV_FLUJO_MES",1,"PERIODO","DATE","Y"
"V_INV_FLUJO_MES",2,"ID_OFICINA","NUMBER","N"
"V_INV_FLUJO_MES",3,"OFICINA","VARCHAR2(255)","Y"
"V_INV_FLUJO_MES",4,"ENTRADAS","NUMBER","Y"
"V_INV_FLUJO_MES",5,"SALIDAS","NUMBER","Y"
"V_INV_FLUJO_MES",6,"AJUSTES","NUMBER","Y"
"V_INV_FLUJO_MES",7,"NETO","NUMBER","Y"
"V_INV_MOV",1,"ID_MOVIMIENTO","NUMBER","N"
"V_INV_MOV",2,"ID_PRODUCTO","NUMBER","N"
"V_INV_MOV",3,"PRODUCTO","VARCHAR2(255)","N"
"V_INV_MOV",4,"ID_CATEGORIA","NUMBER","Y"
"V_INV_MOV",5,"CATEGORIA","VARCHAR2(100)","Y"
"V_INV_MOV",6,"ID_OFICINA","NUMBER","N"
"V_INV_MOV",7,"OFICINA","VARCHAR2(255)","Y"
"V_INV_MOV",8,"TIPO_MOVIMIENTO","VARCHAR2(20)","Y"
"V_INV_MOV",9,"CANTIDAD","NUMBER","N"
"V_INV_MOV",10,"SIGNO_CANTIDAD","NUMBER","Y"
"V_INV_MOV",11,"FECHA_MOVIMIENTO","DATE","Y"
"V_INV_MOV",12,"PERIODO","DATE","Y"
"V_INV_MOV",13,"USUARIO","VARCHAR2(100)","Y"
"V_INV_MOV",14,"REFERENCIA","VARCHAR2(255)","Y"
"V_INV_MOV",15,"CLASE_REF","VARCHAR2(12)","Y"
"V_INV_ROTACION",1,"ID_PRODUCTO","NUMBER","N"
"V_INV_ROTACION",2,"PRODUCTO","VARCHAR2(255)","N"
"V_INV_ROTACION",3,"CATEGORIA","VARCHAR2(100)","Y"
"V_INV_ROTACION",4,"STOCK_ACTUAL","NUMBER","Y"
"V_INV_ROTACION",5,"SALIDAS_VENTA","NUMBER","Y"
"V_INV_ROTACION",6,"INDICE_ROTACION","NUMBER","Y"
"V_INV_ROTACION",7,"ULTIMO_MOV","DATE","Y"
"V_INV_ROTACION",8,"DIAS_SIN_MOV","NUMBER","Y"
"V_INV_ROTACION",9,"CLASE_ROTACION","VARCHAR2(14)","Y"
"V_INV_STOCK",1,"ID_PRODUCTO","NUMBER","N"
"V_INV_STOCK",2,"PRODUCTO","VARCHAR2(255)","N"
"V_INV_STOCK",3,"ID_CATEGORIA","NUMBER","Y"
"V_INV_STOCK",4,"CATEGORIA","VARCHAR2(100)","Y"
"V_INV_STOCK",5,"ID_MARCA","NUMBER","Y"
"V_INV_STOCK",6,"MARCA","VARCHAR2(100)","Y"
"V_INV_STOCK",7,"ID_OFICINA","NUMBER","N"
"V_INV_STOCK",8,"OFICINA","VARCHAR2(255)","Y"
"V_INV_STOCK",9,"CANTIDAD","NUMBER","Y"
"V_INV_STOCK",10,"STOCK_MINIMO","NUMBER(10,2)","Y"
"V_INV_STOCK",11,"STOCK_MAXIMO","NUMBER(10,2)","Y"
"V_INV_STOCK",12,"RESERVADO","NUMBER","Y"
"V_INV_STOCK",13,"DISPONIBLE","NUMBER","Y"
"V_INV_STOCK",14,"COSTO_UNITARIO","NUMBER","Y"
"V_INV_STOCK",15,"VALOR_STOCK","NUMBER","Y"
"V_INV_STOCK",16,"COSTO_ORIGEN","VARCHAR2(11)","Y"
"V_INV_STOCK",17,"ESTADO_NIVEL","VARCHAR2(12)","Y"
"V_NC_COMPRA",1,"ID_NC","NUMBER","N"
"V_NC_COMPRA",2,"NRO_COMPROBANTE","VARCHAR2(50)","Y"
"V_NC_COMPRA",3,"NRO_TIMBRADO","VARCHAR2(20)","Y"
"V_NC_COMPRA",4,"FECHA_EMISION","DATE","Y"
"V_NC_COMPRA",5,"ID_PROVEEDOR","NUMBER","N"
"V_NC_COMPRA",6,"PROVEEDOR","VARCHAR2(101)","Y"
"V_NC_COMPRA",7,"COD_MOTIVO","NUMBER(2)","Y"
"V_NC_COMPRA",8,"MOTIVO","VARCHAR2(100)","Y"
"V_NC_COMPRA",9,"DEVUELVE_STOCK","CHAR(1)","Y"
"V_NC_COMPRA",10,"TOTAL","NUMBER(12,2)","Y"
"V_NC_COMPRA",11,"ID_FAC_ORIGEN","NUMBER","Y"
"V_NC_COMPRA",12,"NRO_FACTURA_ORIGEN","VARCHAR2(50)","Y"
"V_NC_COMPRA",13,"ESTADO","VARCHAR2(30)","N"
"V_NC_COMPRA",14,"OBSERVACION","VARCHAR2(255)","Y"
"V_NOTAS_CREDITO",1,"ID_COMPROBANTE","NUMBER","N"
"V_NOTAS_CREDITO",2,"NRO_COMPROBANTE","VARCHAR2(20)","Y"
"V_NOTAS_CREDITO",3,"FECHA","DATE","Y"
"V_NOTAS_CREDITO",4,"TOTAL_MONEDA_LOCAL","NUMBER(12,2)","N"
"V_NOTAS_CREDITO",5,"MONEDA","VARCHAR2(10)","Y"
"V_NOTAS_CREDITO",6,"TOTAL_IVA","NUMBER(12,2)","Y"
"V_NOTAS_CREDITO",7,"COD_MOTIVO","NUMBER(2)","Y"
"V_NOTAS_CREDITO",8,"MOTIVO","VARCHAR2(100)","Y"
"V_NOTAS_CREDITO",9,"ID_COMPROBANTE_ORIGEN","NUMBER","Y"
"V_NOTAS_CREDITO",10,"FACTURA_NRO","VARCHAR2(20)","Y"
"V_NOTAS_CREDITO",11,"FACTURA_FECHA","DATE","Y"
"V_NOTAS_CREDITO",12,"ID_CLIENTE","NUMBER","N"
"V_NOTAS_CREDITO",13,"CLIENTE_NOMBRE","VARCHAR2(32767)","Y"
"V_NOTAS_CREDITO",14,"ID_OFICINA","NUMBER","N"
"V_PRODUCTO_PROVEEDOR_VIGENTE",1,"ID_PRODUCTO","NUMBER","N"
"V_PRODUCTO_PROVEEDOR_VIGENTE",2,"PRODUCTO_NOMBRE","VARCHAR2(255)","N"
"V_PRODUCTO_PROVEEDOR_VIGENTE",3,"PRODUCTO_CODIGO","VARCHAR2(50)","Y"
"V_PRODUCTO_PROVEEDOR_VIGENTE",4,"ID_PERSONA","NUMBER","N"
"V_PRODUCTO_PROVEEDOR_VIGENTE",5,"PROVEEDOR_NOMBRE","VARCHAR2(101)","Y"
"V_PRODUCTO_PROVEEDOR_VIGENTE",6,"CODIGO_REFERENCIA","VARCHAR2(100)","Y"
"V_PRODUCTO_PROVEEDOR_VIGENTE",7,"PRECIO","NUMBER","N"
"V_PRODUCTO_PROVEEDOR_VIGENTE",8,"FECHA_INICIO","DATE","N"
"V_PRODUCTO_PROVEEDOR_VIGENTE",9,"FECHA_FIN","DATE","Y"
"V_PRODUCTO_PROVEEDOR_VIGENTE",10,"ESTADO","VARCHAR2(20)","N"
"V_PRODUCTO_PROVEEDOR_VIGENTE",11,"VIGENCIA","VARCHAR2(8)","Y"
"V_PRODUCTO_PROVEEDOR_VIGENTE",12,"DIAS_PARA_CADUCIDAD","NUMBER","Y"
"V_PRODUCTO_PROVEEDOR_VIGENTE",13,"FECHA_CREACION","DATE","N"
"V_PRODUCTO_PROVEEDOR_VIGENTE",14,"USUARIO_CREACION","VARCHAR2(100)","Y"
"V_RECIBOS_COBRO",1,"ID_RECIBO","NUMBER","N"
"V_RECIBOS_COBRO",2,"NRO_RECIBO","VARCHAR2(20)","Y"
"V_RECIBOS_COBRO",3,"ID_TALONARIO_RECIBO","NUMBER","Y"
"V_RECIBOS_COBRO",4,"FECHA_EMISION_RECIBO","DATE","Y"
"V_RECIBOS_COBRO",5,"ID_CAJA","NUMBER","N"
"V_RECIBOS_COBRO",6,"ID_CLIENTE","NUMBER","N"
"V_RECIBOS_COBRO",7,"USUARIO","VARCHAR2(60)","Y"
"V_RECIBOS_COBRO",8,"TOTAL_MONEDA_LOCAL","NUMBER(12,2)","N"
"V_RECIBOS_COBRO",9,"MONEDA","VARCHAR2(10)","Y"
"V_RECIBOS_COBRO",10,"TIPO_CAMBIO","NUMBER(12,6)","Y"
"V_RECIBOS_COBRO",11,"TOTAL_MONEDA_ORIGEN","NUMBER(12,2)","Y"
"V_RECIBOS_COBRO",12,"ESTADO","CHAR(1)","Y"
"V_RECIBOS_COBRO",13,"OBSERVACION","VARCHAR2(255)","Y"
"V_RECIBOS_COBRO",14,"ID_CUENTA_COBRAR_DET","NUMBER","Y"
"V_RECIBOS_COBRO",15,"ID_CXC","NUMBER","Y"
"V_RECIBOS_COBRO",16,"NRO_CUOTA","NUMBER","Y"
"V_RECIBOS_COBRO",17,"COMPROBANTE_ORIGEN","NUMBER","Y"
"V_RECIBOS_COBRO",18,"ID_PERSONA","NUMBER","Y"
"V_RECIBOS_LISTA",1,"ID_RECIBO","NUMBER","N"
"V_RECIBOS_LISTA",2,"NRO_RECIBO","VARCHAR2(20)","Y"
"V_RECIBOS_LISTA",3,"FECHA_EMISION_RECIBO","DATE","Y"
"V_RECIBOS_LISTA",4,"TOTAL_MONEDA_LOCAL","NUMBER(12,2)","N"
"V_RECIBOS_LISTA",5,"MONEDA","VARCHAR2(10)","Y"
"V_RECIBOS_LISTA",6,"USUARIO","VARCHAR2(60)","Y"
"V_RECIBOS_LISTA",7,"NRO_CUOTA","NUMBER","Y"
"V_RECIBOS_LISTA",8,"ID_CXC","NUMBER","Y"
"V_RECIBOS_LISTA",9,"COMPROBANTE_ORIGEN","NUMBER","Y"
"V_RECIBOS_LISTA",10,"FACTURA_NRO","VARCHAR2(20)","Y"
"V_RECIBOS_LISTA",11,"ID_PERSONA","NUMBER","Y"
"V_RECIBOS_LISTA",12,"CLIENTE_NOMBRE","VARCHAR2(32767)","Y"
"V_RECIBOS_LISTA",13,"REVERSADO","CHAR(1)","Y"
"V_RECURSOS_DET",1,"ID_RECURSO","NUMBER","N"
"V_RECURSOS_DET",2,"APP_ID","NUMBER","N"
"V_RECURSOS_DET",3,"PAGE_ID","NUMBER","N"
"V_RECURSOS_DET",4,"COMPONENT_STATIC_ID","VARCHAR2(200)","Y"
"V_RECURSOS_DET",5,"PRIV_CODIGO","VARCHAR2(60)","N"
"V_RECURSOS_DET",6,"PRIV_NOMBRE","VARCHAR2(120)","N"
"V_RECURSOS_DET",7,"ACTIVO","CHAR(1)","Y"
"V_SOLICITUDES_NC",1,"ID_SOLICITUD_NC","NUMBER","N"
"V_SOLICITUDES_NC",2,"ESTADO","CHAR(1)","N"
"V_SOLICITUDES_NC",3,"TIPO_NC","CHAR(1)","N"
"V_SOLICITUDES_NC",4,"DEVUELVE_STOCK","CHAR(1)","N"
"V_SOLICITUDES_NC",5,"COD_MOTIVO","NUMBER(2)","N"
"V_SOLICITUDES_NC",6,"MOTIVO","VARCHAR2(100)","Y"
"V_SOLICITUDES_NC",7,"OBSERVACION","VARCHAR2(500)","Y"
"V_SOLICITUDES_NC",8,"ID_COMPROBANTE_ORIGEN","NUMBER","N"
"V_SOLICITUDES_NC",9,"FACTURA_NRO","VARCHAR2(20)","Y"
"V_SOLICITUDES_NC",10,"FACTURA_FORMA_PAGO","VARCHAR2(20)","Y"
"V_SOLICITUDES_NC",11,"FACTURA_TOTAL","NUMBER(12,2)","N"
"V_SOLICITUDES_NC",12,"ID_CLIENTE","NUMBER","N"
"V_SOLICITUDES_NC",13,"CLIENTE_NOMBRE","VARCHAR2(32767)","Y"
"V_SOLICITUDES_NC",14,"USUARIO_SOLICITA","VARCHAR2(60)","N"
"V_SOLICITUDES_NC",15,"FECHA_SOLICITUD","DATE","N"
"V_SOLICITUDES_NC",16,"USUARIO_APRUEBA","VARCHAR2(60)","Y"
"V_SOLICITUDES_NC",17,"FECHA_RESOLUCION","DATE","Y"
"V_SOLICITUDES_NC",18,"MOTIVO_RECHAZO","VARCHAR2(500)","Y"
"V_SOLICITUDES_NC",19,"ID_NC_GENERADA","NUMBER","Y"
"V_SOLICITUDES_NC",20,"NC_NRO","VARCHAR2(20)","Y"
"V_SOLICITUDES_REVERSO",1,"ID_SOLICITUD_RC","NUMBER","N"
"V_SOLICITUDES_REVERSO",2,"ESTADO","CHAR(1)","N"
"V_SOLICITUDES_REVERSO",3,"MOTIVO","VARCHAR2(500)","N"
"V_SOLICITUDES_REVERSO",4,"ID_MOVIMIENTO","NUMBER","N"
"V_SOLICITUDES_REVERSO",5,"NRO_RECIBO","VARCHAR2(20)","Y"
"V_SOLICITUDES_REVERSO",6,"FECHA_COBRO","TIMESTAMP","Y"
"V_SOLICITUDES_REVERSO",7,"MONTO","NUMBER(12,2)","N"
"V_SOLICITUDES_REVERSO",8,"ID_CUENTA_COBRAR_DET","NUMBER","Y"
"V_SOLICITUDES_REVERSO",9,"ID_CXC","NUMBER","Y"
"V_SOLICITUDES_REVERSO",10,"NRO_CUOTA","NUMBER","Y"
"V_SOLICITUDES_REVERSO",11,"ESTADO_CUOTA","VARCHAR2(20)","Y"
"V_SOLICITUDES_REVERSO",12,"ID_CLIENTE","NUMBER","N"
"V_SOLICITUDES_REVERSO",13,"CLIENTE_NOMBRE","VARCHAR2(32767)","Y"
"V_SOLICITUDES_REVERSO",14,"USUARIO_SOLICITA","VARCHAR2(60)","N"
"V_SOLICITUDES_REVERSO",15,"FECHA_SOLICITUD","DATE","N"
"V_SOLICITUDES_REVERSO",16,"USUARIO_APRUEBA","VARCHAR2(60)","Y"
"V_SOLICITUDES_REVERSO",17,"FECHA_RESOLUCION","DATE","Y"
"V_SOLICITUDES_REVERSO",18,"MOTIVO_RECHAZO","VARCHAR2(500)","Y"
"V_SOLICITUDES_REVERSO",19,"ID_MOVIMIENTO_EGRESO","NUMBER","Y"
"V_TALONARIOS_DISPONIBLES",1,"ID_TALONARIO","NUMBER","N"
"V_TALONARIOS_DISPONIBLES",2,"ID_CAJA_CONF","NUMBER","N"
"V_TALONARIOS_DISPONIBLES",3,"ID_OFICINA","NUMBER","N"
"V_TALONARIOS_DISPONIBLES",4,"TIPO_COMPROBANTE","VARCHAR2(2)","N"
"V_TALONARIOS_DISPONIBLES",5,"DESCRIPCION","VARCHAR2(48)","Y"
"V_USUARIO_PRIVILEGIOS",1,"ID_EMPLEADO","NUMBER(38)","N"
"V_USUARIO_PRIVILEGIOS",2,"CODIGO_USUARIO","VARCHAR2(1000)","Y"
"V_USUARIO_PRIVILEGIOS",3,"ID_PRIV","NUMBER","N"
"V_USUARIO_PRIVILEGIOS",4,"CODIGO","VARCHAR2(60)","N"
"V_USUARIO_PRIVILEGIOS",5,"NOMBRE","VARCHAR2(120)","N"
"V_VENTAS_FACTURA",1,"ID_COMPROBANTE","NUMBER","N"
"V_VENTAS_FACTURA",2,"NRO_COMPROBANTE","VARCHAR2(20)","Y"
"V_VENTAS_FACTURA",3,"FECHA","DATE","Y"
"V_VENTAS_FACTURA",4,"PERIODO","DATE","Y"
"V_VENTAS_FACTURA",5,"ID_OFICINA","NUMBER","N"
"V_VENTAS_FACTURA",6,"OFICINA","VARCHAR2(255)","Y"
"V_VENTAS_FACTURA",7,"ID_ORDEN_VENTA","NUMBER","Y"
"V_VENTAS_FACTURA",8,"VENDEDOR_COD","VARCHAR2(60)","Y"
"V_VENTAS_FACTURA",9,"VENDEDOR_NOMBRE","VARCHAR2(255)","Y"
"V_VENTAS_FACTURA",10,"ID_CLIENTE","NUMBER","N"
"V_VENTAS_FACTURA",11,"CLIENTE","VARCHAR2(101)","Y"
"V_VENTAS_FACTURA",12,"FORMA_PAGO","VARCHAR2(20)","Y"
"V_VENTAS_FACTURA",13,"CONDICION","CHAR(7)","Y"
"V_VENTAS_FACTURA",14,"ES_CONTADO","CHAR(1)","Y"
"V_VENTAS_FACTURA",15,"TOTAL","NUMBER(12,2)","N"
"V_VENTAS_LINEA",1,"ID_COMPROBANTE","NUMBER","N"
"V_VENTAS_LINEA",2,"FECHA","DATE","Y"
"V_VENTAS_LINEA",3,"PERIODO","DATE","Y"
"V_VENTAS_LINEA",4,"ID_OFICINA","NUMBER","N"
"V_VENTAS_LINEA",5,"OFICINA","VARCHAR2(255)","Y"
"V_VENTAS_LINEA",6,"VENDEDOR_COD","VARCHAR2(60)","Y"
"V_VENTAS_LINEA",7,"VENDEDOR_NOMBRE","VARCHAR2(255)","Y"
"V_VENTAS_LINEA",8,"CONDICION","CHAR(7)","Y"
"V_VENTAS_LINEA",9,"ES_CONTADO","CHAR(1)","Y"
"V_VENTAS_LINEA",10,"ID_PRODUCTO","NUMBER","N"
"V_VENTAS_LINEA",11,"PRODUCTO","VARCHAR2(500)","Y"
"V_VENTAS_LINEA",12,"CANTIDAD","NUMBER","N"
"V_VENTAS_LINEA",13,"TOTAL_LINEA","NUMBER(12,2)","Y"
"V_VENTAS_NC",1,"ID_COMPROBANTE","NUMBER","N"
"V_VENTAS_NC",2,"NRO_COMPROBANTE","VARCHAR2(20)","Y"
"V_VENTAS_NC",3,"FECHA_NC","DATE","Y"
"V_VENTAS_NC",4,"ID_COMPROBANTE_ORIGEN","NUMBER","Y"
"V_VENTAS_NC",5,"PERIODO","DATE","Y"
"V_VENTAS_NC",6,"ID_OFICINA","NUMBER","N"
"V_VENTAS_NC",7,"OFICINA","VARCHAR2(255)","Y"
"V_VENTAS_NC",8,"VENDEDOR_COD","VARCHAR2(60)","Y"
"V_VENTAS_NC",9,"VENDEDOR_NOMBRE","VARCHAR2(255)","Y"
"V_VENTAS_NC",10,"TOTAL_NC","NUMBER(12,2)","N"
"V_VENTAS_NETA_MES",1,"PERIODO","DATE","Y"
"V_VENTAS_NETA_MES",2,"ID_OFICINA","NUMBER","Y"
"V_VENTAS_NETA_MES",3,"OFICINA","VARCHAR2(255)","Y"
"V_VENTAS_NETA_MES",4,"VENDEDOR_COD","VARCHAR2(60)","Y"
"V_VENTAS_NETA_MES",5,"VENDEDOR_NOMBRE","VARCHAR2(255)","Y"
"V_VENTAS_NETA_MES",6,"FACTURADO","NUMBER","Y"
"V_VENTAS_NETA_MES",7,"NOTAS_CREDITO","NUMBER","Y"
"V_VENTAS_NETA_MES",8,"NETO","NUMBER","Y"
"V_VENTAS_NETA_MES",9,"FACTURAS","NUMBER","Y"
"V_VENTAS_VENDEDOR_META",1,"PERIODO","DATE","Y"
"V_VENTAS_VENDEDOR_META",2,"VENDEDOR_COD","VARCHAR2(60)","Y"
"V_VENTAS_VENDEDOR_META",3,"VENDEDOR_NOMBRE","VARCHAR2(255)","Y"
"V_VENTAS_VENDEDOR_META",4,"ID_EMPLEADO","NUMBER(38)","Y"
"V_VENTAS_VENDEDOR_META",5,"NETO","NUMBER","Y"
"V_VENTAS_VENDEDOR_META",6,"MONTO_META","NUMBER","Y"
"V_VENTAS_VENDEDOR_META",7,"CUMPLIMIENTO_PCT","NUMBER","Y"
